station_id,window_start,anomaly_frequency,anomaly_severity,missing_data_pct,communication_failure_frequency,station_disagreement,temperature_drift,pressure_drift,humidity_drift,rolling_variance,repeated_fault_count,estimated_health_risk_score,sensor_health_score,degradation_level,maintenance_priority
AWS001,2026-05-01,0.003472222222222222,1,0.0,0.0,0.044510616313845563,0.026354864428515208,0.014891907390040399,-0.030633487772360198,0.47008827003705456,1,1.44262651895725,98.6,HEALTHY,LOW
AWS001,2026-05-02,0.003472222222222222,1,0.0,0.0,0.04372486649134361,-0.01793925791375707,-0.01751631901973146,0.025371191816319822,0.2493381418551485,1,1.4229827733947014,98.6,HEALTHY,LOW
AWS001,2026-05-03,0.003472222222222222,1,0.0,0.0,0.04187588040841571,-0.006197421997342572,-0.029537188244233112,-0.005209119945945245,0.25955716933534895,1,1.3767581213215037,98.6,HEALTHY,LOW
AWS001,2026-05-04,0.125,36,0.0,0.0,0.057794175844858714,-0.003180328869441159,-0.006836170291828678,0.00530483229093955,0.351151984345027,36,13.31985439612147,86.7,HEALTHY,LOW
AWS001,2026-05-05,0.06944444444444445,20,0.0,0.0,0.04310805400333383,-0.027424560796752692,0.024217761020119372,0.030554277085315922,0.2427384580612092,20,7.674923572305568,92.3,HEALTHY,LOW
AWS001,2026-05-06,0.06944444444444445,20,0.0,0.0,0.08291036616737439,-0.0035911452001579575,0.025000187680358325,0.004358271858389119,0.25503313085426516,20,8.669981376406582,91.3,HEALTHY,LOW
AWS001,2026-05-07,0.16666666666666666,48,0.0,0.0,0.05233465344207326,0.02760720941653004,-0.001823194011631557,-0.021966903038015184,0.4711949900808478,48,17.14169966938516,82.9,WATCH,MEDIUM
AWS001,2026-05-08,0.16666666666666666,48,0.0,0.0,0.04440358189072516,0.010253286625462384,-0.02632407488968427,-0.010911823655737138,0.2660470397974712,48,16.94342288060146,83.1,WATCH,MEDIUM
AWS001,2026-05-09,0.16666666666666666,48,0.0,0.0,0.10491579885513878,0.001673274102376548,-0.02112781016371675,0.005112272042393506,0.25737450547930274,48,18.456228304711804,81.5,WATCH,MEDIUM
AWS001,2026-05-10,0.0625,18,0.0,0.0,0.03554127293021179,0.01589908050999749,0.00995398325153237,-0.031507517837533666,0.24055417904367882,18,6.826031823255295,93.2,HEALTHY,LOW
AWS001,2026-05-11,0.0625,18,0.0,0.0,0.037783383259333746,-0.016532694195870865,0.02894754056736954,0.01973977999045304,0.2674994504246969,18,6.882084581483344,93.1,HEALTHY,LOW
AWS001,2026-05-12,0.0625,18,0.0,0.0,0.04005597672687145,-0.030161816227435682,0.014039406320179637,0.018386836958845007,0.2696385296129857,18,6.938899418171787,93.1,HEALTHY,LOW
AWS001,2026-05-13,0.0,0,0.0,0.0,0.03691019269176581,0.004568155647988108,-0.01734443820160081,0.0014945096724964617,0.24714856211846195,0,0.9227548172941453,99.1,HEALTHY,LOW
AWS001,2026-05-14,0.0,0,0.0,0.0,0.041139223892205104,0.00046178102007356074,-0.029015150856153582,0.012953644460100734,0.27712177585627806,0,1.0284805973051276,99.0,HEALTHY,LOW
AWS001,2026-05-15,0.0,0,0.0,0.0,0.04016817875616981,-0.004899792259496389,-0.005100852121225093,-0.0072409574133879395,0.2800178608646482,0,1.0042044689042453,99.0,HEALTHY,LOW
AWS001,2026-05-16,0.0,0,0.0,0.0,0.04210955534304277,0.02688023550259406,0.021786702308607256,-0.008719049061083981,0.2556838120301288,0,1.0527388835760692,98.9,HEALTHY,LOW
AWS001,2026-05-17,0.0,0,0.0,0.0,0.03889338535030917,0.0228157956103398,0.026543449967358787,-0.028634722613127113,0.26653292626179653,0,0.9723346337577293,99.0,HEALTHY,LOW
AWS001,2026-05-18,0.003472222222222222,1,0.0,0.0,0.03946848515406433,-0.016614815882927347,-0.0030860544944388835,0.0171813073510768,0.4551229630747396,1,1.3165732399627192,98.7,HEALTHY,LOW
AWS001,2026-05-19,0.003472222222222222,1,0.0,0.0,0.041908510423563854,-0.011643905813371713,-0.02525764540108079,-5.571625765816219e-06,0.2575903215088081,1,1.3775738717002073,98.6,HEALTHY,LOW
AWS001,2026-05-20,0.1284722222222222,37,0.0,0.0,0.054779292630241436,-0.0013458525882507066,-0.02103018992041604,-0.0009340552635630001,0.32345911130384797,37,13.574343426867147,86.4,HEALTHY,LOW
AWS001,2026-05-21,0.06944444444444445,20,0.0,0.0,0.044137843968610924,-0.026305012396541053,0.009920135455425496,0.03626381490015704,0.2485652493011239,20,7.700668321437496,92.3,HEALTHY,LOW
AWS001,2026-05-22,0.06944444444444445,20,0.0,0.0,0.07902408873069461,-0.0012171882908578056,0.02753866856344405,-0.0028750841327565744,0.3873964192079898,20,8.572824440489587,91.4,HEALTHY,LOW
AWS001,2026-05-23,0.3333333333333333,96,0.0,0.0,0.057963450091930796,0.02687504331730682,0.015162204583213898,-0.02799480075599297,0.3529387130142622,96,33.11575291896494,66.9,WATCH,MEDIUM
AWS001,2026-05-24,0.16666666666666666,48,0.0,0.0,0.11765030878687077,0.010870531184395996,-0.01747886536168232,-0.006389398058095426,0.2555102026757536,48,18.774591053005103,81.2,WATCH,MEDIUM
AWS001,2026-05-25,0.125,36,0.0,0.0,0.04057131923396824,-0.0005565953899820952,-0.02836502386740926,-0.008471092577628767,0.24622246026013192,36,12.889282980849206,87.1,HEALTHY,LOW
AWS001,2026-05-26,0.0625,18,0.0,0.0,0.04112614368232945,0.015371862968103358,-0.005537992978341085,-0.017505558175717726,0.25319576019840156,18,6.965653592058237,93.0,HEALTHY,LOW
AWS001,2026-05-27,0.0,0,0.0,0.0,0.040099734265796376,-0.014295836177620683,0.021605422296186956,0.03208471477574948,0.2703723250177688,0,1.0024933566449095,99.0,HEALTHY,LOW
AWS001,2026-05-28,0.0,0,0.0,0.0,0.049263666512887175,-0.008735225023533712,0.06976042096026672,0.0013256308422281212,0.24931995831670456,0,1.2315916628221795,98.8,HEALTHY,LOW
AWS002,2026-05-01,0.003472222222222222,1,0.0,0.0,0.046283616492330766,0.021120451880437808,0.012523742874170248,-0.03685899707595816,0.4672981599934147,1,1.4869515234193802,98.5,HEALTHY,LOW
AWS002,2026-05-02,0.003472222222222222,1,0.0,0.0,0.045256165730133885,-0.014946040129026858,-0.016788949478292556,0.027637033314269872,0.25924044273590313,1,1.4612652543644582,98.5,HEALTHY,LOW
AWS002,2026-05-03,0.003472222222222222,1,0.0,0.0,0.04751951610241601,-0.01022613477916412,-0.027456376301996006,0.007659192794832774,0.2596385554155266,1,1.5178490136715113,98.5,HEALTHY,LOW
AWS002,2026-05-04,0.125,36,0.0,0.0,0.06419437965868074,-0.0015974451874341976,-0.007135860127819724,-0.0017052126171922656,0.3305164956958609,36,13.47985949146702,86.5,HEALTHY,LOW
AWS002,2026-05-05,0.06944444444444445,20,0.0,0.0,0.05164818995138154,-0.023651814511173583,0.02339007602121157,0.034524019499083757,0.24992697652634213,20,7.888426971006761,92.1,HEALTHY,LOW
AWS002,2026-05-06,0.06944444444444445,20,0.0,0.0,0.08060720227723064,-0.00386681432685243,0.02553348581743917,-0.017166576423656526,0.2479308640053086,20,8.61240227915299,91.4,HEALTHY,LOW
AWS002,2026-05-07,0.1597222222222222,46,0.0,0.0,0.06228801686971278,0.11908249461155974,-0.002773678459008345,-0.025505554026543864,0.3964383158261499,46,16.730811532853927,83.3,WATCH,MEDIUM
AWS002,2026-05-08,0.125,36,0.0,0.0,0.047805455978247965,-0.08323312853757549,0.09619550357241893,0.00922110712771603,0.34219612332638066,36,13.0701363994562,86.9,HEALTHY,LOW
AWS002,2026-05-09,0.125,36,0.0,0.0,0.05768615443274957,0.00028642465258411757,-0.14399460086532656,0.12995490725946796,0.2668633739997361,36,13.31715386081874,86.7,HEALTHY,LOW
AWS002,2026-05-10,0.125,36,0.0,0.0,0.09220693924868623,0.023777901537960024,0.010601486474821719,-0.14930639227637876,0.2500998814341098,36,14.180173481217157,85.8,HEALTHY,LOW
AWS002,2026-05-11,0.027777777777777776,8,0.0,0.0,0.04586457892738615,-0.021777783705566267,0.029245968069036996,0.00807717078370973,0.26297696973877077,8,3.7855033620735425,96.2,HEALTHY,LOW
AWS002,2026-05-12,0.0625,18,0.0,0.0,0.0461284240673151,-0.030398520020702646,0.013571341504954168,0.029044654163661827,0.24420769518100613,18,7.090710601682878,92.9,HEALTHY,LOW
AWS002,2026-05-13,0.0625,18,0.0,0.0,0.04524712156832304,0.0004554308046276952,-0.01662254033141666,0.0054692033723303295,0.2613398132600363,18,7.068678039208076,92.9,HEALTHY,LOW
AWS002,2026-05-14,0.0,0,0.0,0.0,0.04662530353695164,0.004039323746064626,-0.0295113490830848,-0.01513860376424709,0.2536460863195441,0,1.165632588423791,98.8,HEALTHY,LOW
AWS002,2026-05-15,0.0,0,0.0,0.0,0.04299000825754907,-0.006407894720531493,-0.0055854582966677275,0.015679680343764435,0.29595320825338717,0,1.0747502064387267,98.9,HEALTHY,LOW
AWS002,2026-05-16,0.0,0,0.0,0.0,0.04844128251193761,0.029153621873153165,0.023151415288168664,-0.03402251246277878,0.2588592821509964,0,1.2110320627984403,98.8,HEALTHY,LOW
AWS002,2026-05-17,0.0,0,0.0,0.0,0.04431208350177823,0.01815972669306323,0.024343287039391964,-0.021824313288509794,0.27476219958332726,0,1.1078020875444559,98.9,HEALTHY,LOW
AWS002,2026-05-18,0.003472222222222222,1,0.0,0.0,0.05066859840777583,-0.01297233251678461,-0.0005430170148095215,0.02245617095213337,0.47676498468642037,1,1.5965760713055068,98.4,HEALTHY,LOW
AWS002,2026-05-19,0.003472222222222222,1,0.0,0.0,0.045541346473538254,-0.010701608794767718,-0.027860744223851777,0.005227209729109357,0.2491530495478377,1,1.4683947729495672,98.5,HEALTHY,LOW
AWS002,2026-05-20,0.003472222222222222,1,0.0,0.0,0.04718303280003738,-0.0030152536831290857,-0.01982142719909498,0.0018524320432421841,0.25117312244004203,1,1.5094369311120455,98.5,HEALTHY,LOW
AWS002,2026-05-21,0.19444444444444445,56,0.0,0.0,0.06667101153512962,-0.024248760147466537,0.010793294350118209,0.027822109056735038,0.32354597511045846,56,20.138997510600465,79.9,WATCH,MEDIUM
AWS002,2026-05-22,0.06944444444444445,20,0.0,0.0,0.08571017428742982,-0.0035591353662927094,0.028132140584536183,9.646608305274245e-05,0.39111027965752876,20,8.739976579407967,91.3,HEALTHY,LOW
AWS002,2026-05-23,0.16666666666666666,48,0.0,0.0,0.06010812378298924,0.028372478354662625,0.01439258091703937,-0.023738989614670445,0.3607652740718461,48,17.336036427908063,82.7,WATCH,MEDIUM
AWS002,2026-05-24,0.3333333333333333,96,0.0,0.0,0.11068969916087448,0.007062801771704436,-0.018927387115898538,-0.014694854644518252,0.27258703715699073,96,34.43390914568853,65.6,WATCH,MEDIUM
AWS002,2026-05-25,0.0625,18,0.0,0.0,0.04537609420516135,0.0024445190995774605,-0.028638736506738302,0.00681087277543746,0.2565070846482434,18,7.071902355129033,92.9,HEALTHY,LOW
AWS002,2026-05-26,0.09027777777777778,26,0.0,0.0,0.04677654097106802,0.01565232184985897,-0.005595390461522637,-0.030500078280312797,0.2646815672450717,26,9.74580241316559,90.3,HEALTHY,LOW
AWS002,2026-05-27,0.034722222222222224,10,0.0,0.0,0.04783428543799709,-0.013039691846315113,0.022625699040549167,0.03133950548133403,0.24993090132574103,10,4.494468247061039,95.5,HEALTHY,LOW
AWS002,2026-05-28,0.0,0,0.0,0.0,0.04592179393782388,-0.028121524669519005,0.07544815353624576,0.05727417177782974,0.2333680608079062,0,1.1480448484455972,98.9,HEALTHY,LOW
AWS003,2026-05-01,0.003472222222222222,1,0.0,0.0,0.06911959063834755,0.024945422226503262,0.011946294532741071,-0.033846360859351415,0.4575002219573898,1,2.0578508770697996,97.9,HEALTHY,LOW
AWS003,2026-05-02,0.003472222222222222,1,0.0,0.0,0.06601105138843985,-0.020292917498133937,-0.01695272203383169,0.0399492165471239,0.2679655005474837,1,1.9801373958221073,98.0,HEALTHY,LOW
AWS003,2026-05-03,0.003472222222222222,1,0.0,0.0,0.07236989095394554,-0.0066025243733305195,-0.028183644024792107,0.07081926116736266,0.2499241643749488,1,2.1391083849597496,97.9,HEALTHY,LOW
AWS003,2026-05-04,0.0,0,0.0,0.0,0.06511659305853498,-0.00019454061565155674,-0.006462857348111584,-0.08105107283167166,0.24764209229342857,0,1.6279148264633745,98.4,HEALTHY,LOW
AWS003,2026-05-05,0.125,36,0.0,0.0,0.08116475138055937,-0.025249465150386854,0.022356934352715366,0.017739207729068982,0.3261440060694689,36,13.904118784513987,86.1,HEALTHY,LOW
AWS003,2026-05-06,0.06944444444444445,20,0.0,0.0,0.06839911135513184,-0.0047321491924323545,0.025865444396695223,0.016556672293116845,0.2632548621234838,20,8.307200006100517,91.7,HEALTHY,LOW
AWS003,2026-05-07,0.06944444444444445,20,0.0,0.0,0.11086220871033346,0.02569765777823125,-0.0014223864458000118,-0.021807867758790313,0.4023296280975599,20,9.36877743998056,90.6,HEALTHY,LOW
AWS003,2026-05-08,0.16666666666666666,48,0.0,0.0,0.08482782447459586,0.006144329233322988,-0.026931306846254444,-0.020913403979467074,0.36554687729185065,48,17.954028945198232,82.0,WATCH,MEDIUM
AWS003,2026-05-09,0.16666666666666666,48,0.0,0.0,0.06844701322040944,0.006467323857724256,-0.0209452319028295,0.0011106153143181333,0.24822349928820245,48,17.54450866384357,82.5,WATCH,MEDIUM
AWS003,2026-05-10,0.16666666666666666,48,0.0,0.0,0.14575187615754717,0.01453525579361259,0.009436908661500511,-0.012016514363052991,0.26401844178211287,48,19.47713023727201,80.5,WATCH,MEDIUM
AWS003,2026-05-11,0.0625,18,0.0,0.0,0.07011946169667024,-0.013105528517090225,0.028315496559573303,0.0011742380149011547,0.24802744272552035,18,7.690486542416757,92.3,HEALTHY,LOW
AWS003,2026-05-12,0.0625,18,0.0,0.0,0.06578372499754626,-0.0322316873686361,0.015309074617502935,0.037017915565116244,0.2605929181467501,18,7.582093124938657,92.4,HEALTHY,LOW
AWS003,2026-05-13,0.0625,18,0.0,0.0,0.0711333041863777,0.002701313826744372,-0.017962019896940105,-0.011305321521298768,0.2612174226651865,18,7.715832604659442,92.3,HEALTHY,LOW
AWS003,2026-05-14,0.0,0,0.0,0.0,0.0693686256426816,0.0017686280981558358,-0.02792884572257195,0.023423473597212432,0.24703946441612232,0,1.7342156410670402,98.3,HEALTHY,LOW
AWS003,2026-05-15,0.0,0,0.0,0.0,0.06768054883932978,-0.0047684353540509644,-0.004505267747088876,-0.010869939906630396,0.2882910066032247,0,1.6920137209832444,98.3,HEALTHY,LOW
AWS003,2026-05-16,0.0,0,0.0,0.0,0.0689097906377085,0.025638776483911812,0.021609431468421845,-0.02268732699734836,0.2573193882626119,0,1.7227447659427124,98.3,HEALTHY,LOW
AWS003,2026-05-17,0.0,0,0.0,0.0,0.07658381520555942,0.022791313137403728,0.02520249290906425,-0.02432913105299593,0.2520868883326437,0,1.9145953801389854,98.1,HEALTHY,LOW
AWS003,2026-05-18,0.0,0,0.0,0.0,0.07481587753347756,-0.014615891763212244,-0.0025803753488923397,0.032060170117474876,0.2570259389275409,0,1.870396938336939,98.1,HEALTHY,LOW
AWS003,2026-05-19,0.006944444444444444,2,0.0,0.0,0.07199693461339221,-0.01177942568677828,0.0615226359777989,-0.010466287784420726,0.4738222818120422,2,2.459645587557027,97.5,HEALTHY,LOW
AWS003,2026-05-20,0.003472222222222222,1,0.0,0.0,0.0715099397854494,-0.003143744271296366,-0.10869989096256047,0.00399199576827357,0.25276329244901097,1,2.117609605747346,97.9,HEALTHY,LOW
AWS003,2026-05-21,0.125,36,0.0,0.0,0.0765763843506491,-0.022266442227155705,0.010346314963742585,0.018214454808016978,0.3477972441142253,36,13.78940960876623,86.2,HEALTHY,LOW
AWS003,2026-05-22,0.1388888888888889,40,0.0,0.0,0.10321718735219455,-0.005275089326753024,0.028904136541984354,0.0220713401167161,0.3708013321361823,40,15.77487412824931,84.2,WATCH,MEDIUM
AWS003,2026-05-23,0.16666666666666666,48,0.0,0.0,0.0784665649991529,0.029122188535583696,0.013918638212337619,-0.030107779026608637,0.31967011528169137,48,17.794997458312157,82.2,WATCH,MEDIUM
AWS003,2026-05-24,0.16666666666666666,48,0.0,0.0,0.06670486934398391,0.006892569796565039,-0.01644755940727273,-0.010712617174338036,0.25974136595549396,48,17.50095506693293,82.5,WATCH,MEDIUM
AWS003,2026-05-25,0.22916666666666666,66,0.0,0.0,0.13709979249309467,0.0029296906690683164,-0.027980078708480564,-0.010723538212090909,0.2577237534792982,66,25.198328145660696,74.8,WATCH,MEDIUM
AWS003,2026-05-26,0.0625,18,0.0,0.0,0.06677714197527905,0.016372464486273594,-0.007508446466761064,-0.011679999898525775,0.2580128811864866,18,7.606928549381976,92.4,HEALTHY,LOW
AWS003,2026-05-27,0.0625,18,0.0,0.0,0.07048832891987895,-0.012115024742166155,0.023479673635956527,0.02476342441861099,0.2558666237138164,18,7.699708222996975,92.3,HEALTHY,LOW
AWS003,2026-05-28,0.0,0,0.0,0.0,0.07467391860386927,-0.028727826877471517,0.06280596196440033,0.01704237762805212,0.20012881139422686,0,1.8668479650967316,98.1,HEALTHY,LOW
AWS004,2026-05-01,0.0,0,0.0,0.0,0.1429646689284504,0.025107423250261097,0.013271172251570469,-0.01823134952488723,0.2554202407050848,0,3.57411672321126,96.4,HEALTHY,LOW
AWS004,2026-05-02,0.003472222222222222,1,0.0,0.0,0.15264559045355808,-0.02003785606338267,-0.017247931992098446,0.01519346909259784,0.45833609541459747,1,4.146000872450063,95.9,HEALTHY,LOW
AWS004,2026-05-03,0.003472222222222222,1,0.0,0.0,0.1453402405097839,-0.0048380522149375806,-0.02866388738966721,-0.012173322061316692,0.25974227563744284,1,3.9633671238557087,96.0,HEALTHY,LOW
AWS004,2026-05-04,0.003472222222222222,1,0.0,0.0,0.14054086270870741,-0.008188173159533907,-0.006809874718580349,0.022678422015435486,0.2560286585501056,1,3.843382678828797,96.2,HEALTHY,LOW
AWS004,2026-05-05,0.125,36,0.0,0.0,0.18183444835556262,-0.021584952047851737,0.02405209595744711,0.012819034988708856,0.3307013393431016,36,16.420861208889065,83.6,WATCH,MEDIUM
AWS004,2026-05-06,0.06944444444444445,20,0.0,0.0,0.15545628029803582,-0.0016144604225991498,0.024324295489473496,0.009841155749146532,0.25081385385944827,20,10.483629229673118,89.5,HEALTHY,LOW
AWS004,2026-05-07,0.06944444444444445,20,0.0,0.0,0.17590427012489163,0.023848596004462836,-0.0013580133551494259,-0.02369873263910284,0.3922534460949786,20,10.994828975344513,89.0,HEALTHY,LOW
AWS004,2026-05-08,0.16666666666666666,48,0.0,0.0,0.17182799211676053,0.009377017679530412,-0.02636905447417743,-0.018725421705474643,0.3439520453034116,48,20.129033136252346,79.9,WATCH,MEDIUM
AWS004,2026-05-09,0.16666666666666666,48,0.0,0.0,0.15495239008228856,0.0004189551188428971,-0.021720599327642906,0.009706078653173498,0.2515041050629244,48,19.70714308539055,80.3,WATCH,MEDIUM
AWS004,2026-05-10,0.16666666666666666,48,0.0,0.0,0.18001113644748254,0.01750578966833411,0.010306781606785935,-0.02592618115988284,0.26009730662961794,48,20.333611744520397,79.7,WATCH,MEDIUM
AWS004,2026-05-11,0.0625,18,0.0,0.0,0.13956907442197095,-0.016320778875380797,0.029506976084401042,0.018811543494094998,0.2615359609293322,18,9.426726860549275,90.6,HEALTHY,LOW
AWS004,2026-05-12,0.0625,18,0.0,0.0,0.14504094044431032,-0.028529438449939715,0.013398418586716964,0.023556857318125193,0.24889410764345332,18,9.563523511107757,90.4,HEALTHY,LOW
AWS004,2026-05-13,0.0625,18,0.0,0.0,0.14422938575557406,0.0016740352429088284,-0.015610157982629226,0.010661136218752433,0.2590647016055194,18,9.543234643889352,90.5,HEALTHY,LOW
AWS004,2026-05-14,0.0,0,0.0,0.0,0.14047139071928894,0.003964837425627699,-0.03096682000671278,-0.002321342532586337,0.25502396962304846,0,3.511784767982223,96.5,HEALTHY,LOW
AWS004,2026-05-15,0.0,0,0.0,0.0,0.14456617157681448,-0.00508423487835399,-0.006101048404806717,0.005476375295613487,0.28421268490391627,0,3.614154289420362,96.4,HEALTHY,LOW
AWS004,2026-05-16,0.0,0,0.0,0.0,0.16357250637562012,0.025729349993639863,0.02290252186715473,-0.04557892597621424,0.2471149741586867,0,4.089312659390503,95.9,HEALTHY,LOW
AWS004,2026-05-17,0.0,0,0.0,0.0,0.14487647630829825,0.024248739852015637,0.026980338946515303,-0.01222361262013405,0.27028184467823535,0,3.621911907707456,96.4,HEALTHY,LOW
AWS004,2026-05-18,0.0,0,0.0,0.0,0.1412594903357264,-0.015704727528086864,-0.0012849991325845325,0.01667208165283745,0.2715806840089262,0,3.53148725839316,96.5,HEALTHY,LOW
AWS004,2026-05-19,0.003472222222222222,1,0.0,0.0,0.1530964277252741,-0.013027858011270389,-0.02810333635189445,0.01667885292340585,0.4709258021677847,1,4.1572718042429635,95.8,HEALTHY,LOW
AWS004,2026-05-20,0.003472222222222222,1,0.0,0.0,0.16189592346942105,-0.0013765478409684733,-0.02031607649545977,-0.006048055703216513,0.2637993711463118,1,4.377259197846637,95.6,HEALTHY,LOW
AWS004,2026-05-21,0.1284722222222222,37,0.0,0.0,0.16413419381803246,-0.027283138068410366,0.00870075285189742,0.021938731450475882,0.33249594879090827,37,16.308215956561924,83.7,WATCH,MEDIUM
AWS004,2026-05-22,0.06944444444444445,20,0.0,0.0,0.1491954420859022,-0.0026923136178947185,0.029965090893397987,0.006536474176196726,0.3819700610632633,20,10.327108274369778,89.7,HEALTHY,LOW
AWS004,2026-05-23,0.11805555555555555,34,0.0,0.0,0.17168699795383657,0.05180821553086427,0.015671549505735054,-0.026838310293589802,0.24774103979877798,34,15.507452726623693,84.5,WATCH,MEDIUM
AWS004,2026-05-24,0.2847222222222222,82,0.0,0.0,0.17505416784381805,-0.015400381282246819,-0.019131165128371604,-0.014343867753102924,0.33153666626128503,82,31.424965307206566,68.6,WATCH,MEDIUM
AWS004,2026-05-25,0.16666666666666666,48,0.0,0.0,0.1894833378108698,0.0013768314352143258,-0.028067304007744473,-0.0026604635813832645,0.25568782219178676,48,20.57041677860508,79.4,WATCH,MEDIUM
AWS004,2026-05-26,0.125,36,0.0,0.0,0.14501253367877506,0.01615203002322764,-0.006979318599163836,-0.008845810755775594,0.26229089705573233,36,15.500313341969377,84.5,WATCH,MEDIUM
AWS004,2026-05-27,0.0625,18,0.0,0.0,0.14409455403397167,-0.013917414855213583,0.024439418445725874,0.018620705519311127,0.270190416433885,18,9.539863850849292,90.5,HEALTHY,LOW
AWS004,2026-05-28,0.0,0,0.0,0.0,0.13284835468844303,-0.016024971417524916,0.06221730164949341,0.10289636124011206,0.21741633829593734,0,3.3212088672110758,96.7,HEALTHY,LOW
AWS005,2026-05-01,0.0,0,0.0,0.0,0.13289673683255673,0.020259603999947227,0.01335461855066038,-0.025351698041224658,0.2583696960544961,0,3.3224184208139182,96.7,HEALTHY,LOW
AWS005,2026-05-02,0.003472222222222222,1,0.0,0.0,0.13838246986700653,-0.014580292153820432,-0.01757733704233762,0.017539839867327236,0.46253330401773596,1,3.7894228577862745,96.2,HEALTHY,LOW
AWS005,2026-05-03,0.003472222222222222,1,0.0,0.0,0.14080495677504623,-0.007908438968320398,-0.028965055554468933,0.0036261487972140127,0.2526691523220798,1,3.849985030487267,96.2,HEALTHY,LOW
AWS005,2026-05-04,0.003472222222222222,1,0.0,0.0,0.13645016638345303,-0.004914243149330237,-0.005268156462638747,0.007765481717321461,0.2661996276715516,1,3.741115270697437,96.3,HEALTHY,LOW
AWS005,2026-05-05,0.125,36,0.0,0.0,0.1459672368306551,-0.02526871108477993,0.021772860052234222,0.013127229022445416,0.34109362655253267,36,15.524180920766378,84.5,WATCH,MEDIUM
AWS005,2026-05-06,0.06944444444444445,20,0.0,0.0,0.14587336809167328,-0.003268008764029625,0.026219463612593173,0.014180400309573052,0.2573150802334965,20,10.244056424514055,89.8,HEALTHY,LOW
AWS005,2026-05-07,0.06944444444444445,20,0.0,0.0,0.1793441216395827,0.027348375402550196,-0.0028009829353810765,-0.026295066342646865,0.39472280206233945,20,11.08082526321179,88.9,HEALTHY,LOW
AWS005,2026-05-08,0.16666666666666666,48,0.0,0.0,0.14251436489990316,0.009924830015909467,-0.026722835643406186,-0.0061494919003230765,0.3117204090203575,48,19.396192455830914,80.6,WATCH,MEDIUM
AWS005,2026-05-09,0.16666666666666666,48,0.0,0.0,0.13518650338979046,0.0022307724904920587,0.0057058050063522915,-0.011112050508458562,0.2484819040842866,48,19.212995918078096,80.8,WATCH,MEDIUM
AWS005,2026-05-10,0.1388888888888889,40,0.0,0.0,0.1874278162214401,0.015850444267575498,-0.016989266254175642,0.260429426873174,0.2446239176708647,40,17.88013984998045,82.1,WATCH,MEDIUM
AWS005,2026-05-11,0.09027777777777778,26,0.0,0.0,0.15305280531678836,-0.013685681662065975,0.031147478915150215,-0.2575827707674124,0.2650641393896114,26,12.402709021808597,87.6,HEALTHY,LOW
AWS005,2026-05-12,0.05555555555555555,16,0.0,0.0,0.13779837311087423,-0.03277514557684391,0.012728107120870172,0.040491911073384027,0.2547471339887044,16,8.722737105549633,91.3,HEALTHY,LOW
AWS005,2026-05-13,0.020833333333333332,6,0.0,0.0,0.13882405719247443,0.0015233738575692016,-0.017605650990306445,-0.004758735683572126,0.26719931520394935,6,5.449768096478527,94.6,HEALTHY,LOW
AWS005,2026-05-14,0.04861111111111111,14,0.0,0.0,0.12571366971760498,0.005425568719197453,-0.02733166267639299,-0.001969640926486216,0.25878511857948605,14,7.7608972984956806,92.2,HEALTHY,LOW
AWS005,2026-05-15,0.0,0,0.0,0.0,0.12628820364313587,-0.005039040589265532,-0.006906777794019171,-0.0006139940308315476,0.2726595249659232,0,3.1572050910783966,96.8,HEALTHY,LOW
AWS005,2026-05-16,0.0,0,0.0,0.0,0.137663008337807,0.02453514552196576,0.02334970205647993,-0.027101994105427574,0.26022760870741957,0,3.441575208445175,96.6,HEALTHY,LOW
AWS005,2026-05-17,0.0,0,0.0,0.0,0.142220386589629,0.022468781969568932,0.025455277207502687,-0.020641575971431396,0.25778891360987255,0,3.5555096647407245,96.4,HEALTHY,LOW
AWS005,2026-05-18,0.0,0,0.0,0.0,0.13007527926800416,-0.015551714966281197,-0.0018045247283191815,0.01353249055399397,0.2572717897237427,0,3.251881981700104,96.7,HEALTHY,LOW
AWS005,2026-05-19,0.003472222222222222,1,0.0,0.0,0.1378973620294003,-0.010199671357760133,-0.030098214512288262,0.014018107739260537,0.46552852350468804,1,3.7772951618461192,96.2,HEALTHY,LOW
AWS005,2026-05-20,0.003472222222222222,1,0.0,0.0,0.1357049576692505,-0.004562609781643652,-0.01800057099039323,-0.0003710881411778604,0.25557386896725715,1,3.722485052842374,96.3,HEALTHY,LOW
AWS005,2026-05-21,0.003472222222222222,1,0.0,0.0,0.13684143891917155,-0.025891658923789727,0.009650566288583838,0.024585483980377014,0.2552392227588102,1,3.7508970840904,96.2,HEALTHY,LOW
AWS005,2026-05-22,0.19444444444444445,56,0.0,0.0,0.1313536020068896,-0.0019222115878609028,0.02913384036043472,0.015827048867526877,0.4423209434723682,56,21.756062272394463,78.2,WATCH,MEDIUM
AWS005,2026-05-23,0.06944444444444445,20,0.0,0.0,0.1859550923733275,0.030201184574078253,0.01369102583620495,-0.04658736818273801,0.24819423458467668,20,11.24609953155541,88.8,HEALTHY,LOW
AWS005,2026-05-24,0.1736111111111111,50,0.0,0.0,0.131064546029808,0.00805659208634837,-0.01628123268974788,-0.0036621199554588302,0.3464143309865154,50,19.769669206300755,80.2,WATCH,MEDIUM
AWS005,2026-05-25,0.3263888888888889,94,0.0,0.0,0.2135079238838361,0.0004225884830615614,-0.02940824695156863,0.010159535761610931,0.24840736853462697,94,36.34464254154035,63.7,DEGRADING,HIGH
AWS005,2026-05-26,0.0625,18,0.0,0.0,0.13448061483876797,0.015090435290720282,-0.005324308317474349,-0.020119548020609605,0.24874643582970282,18,9.2995153709692,90.7,HEALTHY,LOW
AWS005,2026-05-27,0.125,36,0.0,0.0,0.1332886474675309,-0.014550032934947511,0.023082656582802643,0.020811684549470577,0.26171542516298524,36,15.207216186688274,84.8,WATCH,MEDIUM
AWS005,2026-05-28,0.0,0,0.0,0.0,0.13889818697446166,-0.016878722462539117,0.06520006519103286,0.025393108537988752,0.21711077173269092,0,3.4724546743615416,96.5,HEALTHY,LOW
AWS006,2026-05-01,0.0,0,0.0,0.0,0.0650616795305822,0.023429672239979184,0.010901094770867365,-0.012310393248420915,0.2602952198785001,0,1.626541988264555,98.4,HEALTHY,LOW
AWS006,2026-05-02,0.003472222222222222,1,0.0,0.0,0.06848945519901345,-0.014107228694287143,-0.016199594737779124,0.014538557925171213,0.4566235698176857,1,2.042097491086447,98.0,HEALTHY,LOW
AWS006,2026-05-03,0.003472222222222222,1,0.0,0.0,0.06283399642205008,-0.007834149947306012,-0.028565230366650794,-0.004838078328849329,0.24569583391907882,1,1.9007110216623628,98.1,HEALTHY,LOW
AWS006,2026-05-04,0.003472222222222222,1,0.0,0.0,0.06173881628730989,-0.005929467089978818,-0.006890543286938882,0.007198440325020384,0.2670541805738765,1,1.8733315182938586,98.1,HEALTHY,LOW
AWS006,2026-05-05,0.034722222222222224,10,0.0,0.0,0.06640437027837577,0.0352504978056977,0.023168142912042968,0.03132239236550186,0.2938110764475173,10,4.958720368070506,95.0,HEALTHY,LOW
AWS006,2026-05-06,0.09027777777777778,26,0.0,0.0,0.07224389300093476,-0.06181573197338803,0.025935801121887734,0.005119983610299651,0.29407661619519565,26,10.382486213912259,89.6,HEALTHY,LOW
AWS006,2026-05-07,0.06944444444444445,20,0.0,0.0,0.06671544726370648,0.025247245067313226,-0.001487179493356589,-0.035644037842999333,0.3905656679913508,20,8.265108403814885,91.7,HEALTHY,LOW
AWS006,2026-05-08,0.06944444444444445,20,0.0,0.0,0.09250664049015124,0.010040642551238451,-0.027054156613832703,-0.003874832443545362,0.24295083387262353,20,8.909888234476004,91.1,HEALTHY,LOW
AWS006,2026-05-09,0.16666666666666666,48,0.0,0.0,0.07723468653811187,0.00017742486123627376,-0.02031519040574439,-0.022118233133034515,0.3548460156912613,48,17.76420049678613,82.2,WATCH,MEDIUM
AWS006,2026-05-10,0.16666666666666666,48,0.0,0.0,0.06774158684715227,0.01647716618372546,0.010657556310240481,0.010374776170446885,0.26724059279149853,48,17.52687300451214,82.5,WATCH,MEDIUM
AWS006,2026-05-11,0.16666666666666666,48,0.0,0.0,0.13597883552434886,-0.01505150647839019,0.02720881123920312,0.01548023160651921,0.26800215828493645,48,19.232804221442056,80.8,WATCH,MEDIUM
AWS006,2026-05-12,0.0625,18,0.0,0.0,0.061685565606494124,-0.031235130778625435,0.013554708097946467,0.02507554466853463,0.2500806469875887,18,7.479639140162353,92.5,HEALTHY,LOW
AWS006,2026-05-13,0.0625,18,0.0,0.0,0.06531936060971222,0.003383281960903576,-0.018305287668314837,-0.0006396522618252495,0.25248359443544266,18,7.570484015242807,92.4,HEALTHY,LOW
AWS006,2026-05-14,0.0625,18,0.0,0.0,0.06484964312131333,0.0021351233731402943,-0.026659333991279115,-0.008618837735413325,0.2566000096459367,18,7.558741078032834,92.4,HEALTHY,LOW
AWS006,2026-05-15,0.0,0,0.0,0.0,0.06223794455366143,-0.0053266065862767175,-0.006481568998077354,0.0011080145981758882,0.29170631755332965,0,1.5559486138415357,98.4,HEALTHY,LOW
AWS006,2026-05-16,0.0,0,0.0,0.0,0.06874606094436786,0.02802279943629915,0.024236430505878006,-0.027933951173218324,0.24418489319759087,0,1.7186515236091964,98.3,HEALTHY,LOW
AWS006,2026-05-17,0.0,0,0.0,0.0,0.060665017669913675,0.020515611544937258,0.024469997477295873,-0.01551991327712369,0.27040936511745284,0,1.516625441747842,98.5,HEALTHY,LOW
AWS006,2026-05-18,0.0,0,0.0,0.0,0.0595416572934552,-0.016891535846737908,-0.001304854147767129,0.018111764888797153,0.2562516125966576,0,1.4885414323363801,98.5,HEALTHY,LOW
AWS006,2026-05-19,0.0,0,0.0,0.0,0.05932888126634602,-0.00773418283839073,-0.027437649025608992,0.016929683387047492,0.25232014637433786,0,1.4832220316586506,98.5,HEALTHY,LOW
AWS006,2026-05-20,0.006944444444444444,2,0.0,0.0,0.06859979788628738,-0.0027957655266092557,-0.020349495628545117,0.0044321068481516755,0.45666339863615135,2,2.3747171693794065,97.6,HEALTHY,LOW
AWS006,2026-05-21,0.003472222222222222,1,0.0,0.0,0.06319502446932475,-0.023904682100310173,0.010182973061778474,0.009266779096266905,0.24582948310675887,1,1.9097367228442297,98.1,HEALTHY,LOW
AWS006,2026-05-22,0.125,36,0.0,0.0,0.07690062756964733,-0.00489902257873377,0.026438659221859555,0.009664332776276381,0.45279763307354265,36,13.797515689241186,86.2,HEALTHY,LOW
AWS006,2026-05-23,0.1388888888888889,40,0.0,0.0,0.10344174818060123,0.02761497295603938,0.014335291051753055,-0.02625122362077957,0.26886361473927617,40,15.780488148959476,84.2,WATCH,MEDIUM
AWS006,2026-05-24,0.16666666666666666,48,0.0,0.0,0.07550670739985282,0.007977404713511556,-0.014470165667594317,-0.002374374046361341,0.33077041708754357,48,17.721001018329655,82.3,WATCH,MEDIUM
AWS006,2026-05-25,0.16666666666666666,48,0.0,0.0,0.06371443355557613,0.002595508474212983,-0.02904590219307816,0.0004791140620714371,0.255732381949719,48,17.426194172222736,82.6,WATCH,MEDIUM
AWS006,2026-05-26,0.22916666666666666,66,0.0,0.0,0.13560795170312936,0.014845210019042253,-0.006743323819784782,-0.030646953907563262,0.25538196029168464,66,25.161032125911564,74.8,WATCH,MEDIUM
AWS006,2026-05-27,0.0625,18,0.0,0.0,0.06492890458575784,-0.014490195362102066,0.0226972168262769,0.021026029273263778,0.2577043979967517,18,7.5607226146439475,92.4,HEALTHY,LOW
AWS006,2026-05-28,0.0,0,0.0,0.0,0.0663871605193334,-0.013083058960541388,0.06435673471580167,0.10261367297203212,0.22026678396732516,0,1.659679012983335,98.3,HEALTHY,LOW
